{"BannerData":{"Items":[{"Id":44,"IdSucursalProducto":null,"IdNoticia":null,"Image":"http://pehuajo.clickaut.com/Content/public/images/banner/27082020140523DISHI SAN JUAN - Banners App_1 (1).png","IdSucursal":null,"Tipo":0,"Link":"https://api.whatsapp.com/send?phone=+5491161168378"},{"Id":47,"IdSucursalProducto":null,"IdNoticia":null,"Image":"http://pehuajo.clickaut.com/Content/public/images/banner/27082020140655DISHI SAN JUAN - Banners App_4 (1).png","IdSucursal":null,"Tipo":0,"Link":null},{"Id":49,"IdSucursalProducto":null,"IdNoticia":null,"Image":"http://pehuajo.clickaut.com/Content/public/images/banner/02112020111111Logo Uni.jpg","IdSucursal":null,"Tipo":0,"Link":"www.aegd.com.ar"}],"Index":null,"Count":null,"PagesCount":null,"PageCount":null,"TotalCount":null},"Destacados":{"Items":[{"Id":5108,"IdSucursal":439,"IdCategoria":0,"Codigo":null,"NombreProducto":"Chocolate","NombreSucursal":null,"DescripcionProducto":null,"Imagen":"http://pehuajo.clickaut.com/Content/public/images/sucursalproductos/005108.thumb.png","Precio":0.01,"PrecioOriginal":0.0,"PrecioSinDescuento":0.0,"DescuentoId":null,"Descuento":null,"TipoDescuentoUsaDescuento":false,"TiempoPreparacion":null,"ValorParaCajaDelivery":null,"Stock":0,"Sucursal":{"Id":439,"Direccion":null,"Logo":null,"EmailPedido":null,"NombreFantasia":"Freddo","TelefonoCliente":null,"TelefonoCelular":null,"TipoEntrega":3,"MontoMinimoCompra":0.00,"TieneVerMas":false,"TieneMediosPago":true,"SucursalHorarios":[{"Id":null,"IdSucursal":null,"Dia":4,"HoraApertura":"00:01","HoraCierre":"23:59","HoraInicioBreak":"","HoraFinBreak":"","IdEntregaTipo":1,"IdEntregaTipoNombre":null,"Abierto":true},{"Id":null,"IdSucursal":null,"Dia":4,"HoraApertura":"00:01","HoraCierre":"23:59","HoraInicioBreak":"","HoraFinBreak":"","IdEntregaTipo":1,"IdEntregaTipoNombre":null,"Abierto":true}],"SucursalMediosPago":[{"IdSucursal":0,"IdMedioPago":-1,"IdUsuarioAlta":0,"FechaAlta":"0001-01-01T00:00:00","FechaModificacion":"0001-01-01T00:00:00","IdUsuarioModificacion":0,"RegistroEstado":0,"Id":0,"MedioPago":{"Id":-1,"IdMedioPagoTipo":null,"Nombre":"Contra Entrega","MedioPagoTipo":null,"SucursalMediosPago":[],"Logo":"http://pehuajo.clickaut.com/Content/public/images/mediosdepago/contra_entrega.png"},"Sucursales":null},{"IdSucursal":0,"IdMedioPago":-1,"IdUsuarioAlta":0,"FechaAlta":"0001-01-01T00:00:00","FechaModificacion":"0001-01-01T00:00:00","IdUsuarioModificacion":0,"RegistroEstado":0,"Id":0,"MedioPago":{"Id":-1,"IdMedioPagoTipo":null,"Nombre":"Contra Entrega","MedioPagoTipo":null,"SucursalMediosPago":[],"Logo":"http://pehuajo.clickaut.com/Content/public/images/mediosdepago/contra_entrega.png"},"Sucursales":null},{"IdSucursal":0,"IdMedioPago":-1,"IdUsuarioAlta":0,"FechaAlta":"0001-01-01T00:00:00","FechaModificacion":"0001-01-01T00:00:00","IdUsuarioModificacion":0,"RegistroEstado":0,"Id":0,"MedioPago":{"Id":-1,"IdMedioPagoTipo":null,"Nombre":"Contra Entrega","MedioPagoTipo":null,"SucursalMediosPago":[],"Logo":"http://pehuajo.clickaut.com/Content/public/images/mediosdepago/contra_entrega.png"},"Sucursales":null}]},"MarcaNombre":null,"TieneVerMas":false,"Iva":0.0,"IdMarca":0},{"Id":5109,"IdSucursal":439,"IdCategoria":0,"Codigo":null,"NombreProducto":"Crema Americana","NombreSucursal":null,"DescripcionProducto":null,"Imagen":"http://pehuajo.clickaut.com/Content/public/images/sucursalproductos/005109.thumb.png","Precio":0.01,"PrecioOriginal":0.0,"PrecioSinDescuento":0.0,"DescuentoId":null,"Descuento":null,"TipoDescuentoUsaDescuento":false,"TiempoPreparacion":null,"ValorParaCajaDelivery":null,"Stock":0,"Sucursal":{"Id":439,"Direccion":null,"Logo":null,"EmailPedido":null,"NombreFantasia":"Freddo","TelefonoCliente":null,"TelefonoCelular":null,"TipoEntrega":3,"MontoMinimoCompra":0.00,"TieneVerMas":false,"TieneMediosPago":true,"SucursalHorarios":[{"Id":null,"IdSucursal":null,"Dia":4,"HoraApertura":"00:01","HoraCierre":"23:59","HoraInicioBreak":"","HoraFinBreak":"","IdEntregaTipo":1,"IdEntregaTipoNombre":null,"Abierto":true},{"Id":null,"IdSucursal":null,"Dia":4,"HoraApertura":"00:01","HoraCierre":"23:59","HoraInicioBreak":"","HoraFinBreak":"","IdEntregaTipo":1,"IdEntregaTipoNombre":null,"Abierto":true}],"SucursalMediosPago":[{"IdSucursal":0,"IdMedioPago":-1,"IdUsuarioAlta":0,"FechaAlta":"0001-01-01T00:00:00","FechaModificacion":"0001-01-01T00:00:00","IdUsuarioModificacion":0,"RegistroEstado":0,"Id":0,"MedioPago":{"Id":-1,"IdMedioPagoTipo":null,"Nombre":"Contra Entrega","MedioPagoTipo":null,"SucursalMediosPago":[],"Logo":"http://pehuajo.clickaut.com/Content/public/images/mediosdepago/contra_entrega.png"},"Sucursales":null},{"IdSucursal":0,"IdMedioPago":-1,"IdUsuarioAlta":0,"FechaAlta":"0001-01-01T00:00:00","FechaModificacion":"0001-01-01T00:00:00","IdUsuarioModificacion":0,"RegistroEstado":0,"Id":0,"MedioPago":{"Id":-1,"IdMedioPagoTipo":null,"Nombre":"Contra Entrega","MedioPagoTipo":null,"SucursalMediosPago":[],"Logo":"http://pehuajo.clickaut.com/Content/public/images/mediosdepago/contra_entrega.png"},"Sucursales":null},{"IdSucursal":0,"IdMedioPago":-1,"IdUsuarioAlta":0,"FechaAlta":"0001-01-01T00:00:00","FechaModificacion":"0001-01-01T00:00:00","IdUsuarioModificacion":0,"RegistroEstado":0,"Id":0,"MedioPago":{"Id":-1,"IdMedioPagoTipo":null,"Nombre":"Contra Entrega","MedioPagoTipo":null,"SucursalMediosPago":[],"Logo":"http://pehuajo.clickaut.com/Content/public/images/mediosdepago/contra_entrega.png"},"Sucursales":null}]},"MarcaNombre":null,"TieneVerMas":false,"Iva":0.0,"IdMarca":0},{"Id":5107,"IdSucursal":439,"IdCategoria":0,"Codigo":null,"NombreProducto":"Frutilla","NombreSucursal":null,"DescripcionProducto":null,"Imagen":"http://pehuajo.clickaut.com/Content/public/images/sucursalproductos/005107.thumb.png","Precio":0.01,"PrecioOriginal":0.0,"PrecioSinDescuento":0.0,"DescuentoId":null,"Descuento":null,"TipoDescuentoUsaDescuento":false,"TiempoPreparacion":null,"ValorParaCajaDelivery":null,"Stock":0,"Sucursal":{"Id":439,"Direccion":null,"Logo":null,"EmailPedido":null,"NombreFantasia":"Freddo","TelefonoCliente":null,"TelefonoCelular":null,"TipoEntrega":3,"MontoMinimoCompra":0.00,"TieneVerMas":false,"TieneMediosPago":true,"SucursalHorarios":[{"Id":null,"IdSucursal":null,"Dia":4,"HoraApertura":"00:01","HoraCierre":"23:59","HoraInicioBreak":"","HoraFinBreak":"","IdEntregaTipo":1,"IdEntregaTipoNombre":null,"Abierto":true},{"Id":null,"IdSucursal":null,"Dia":4,"HoraApertura":"00:01","HoraCierre":"23:59","HoraInicioBreak":"","HoraFinBreak":"","IdEntregaTipo":1,"IdEntregaTipoNombre":null,"Abierto":true}],"SucursalMediosPago":[{"IdSucursal":0,"IdMedioPago":-1,"IdUsuarioAlta":0,"FechaAlta":"0001-01-01T00:00:00","FechaModificacion":"0001-01-01T00:00:00","IdUsuarioModificacion":0,"RegistroEstado":0,"Id":0,"MedioPago":{"Id":-1,"IdMedioPagoTipo":null,"Nombre":"Contra Entrega","MedioPagoTipo":null,"SucursalMediosPago":[],"Logo":"http://pehuajo.clickaut.com/Content/public/images/mediosdepago/contra_entrega.png"},"Sucursales":null},{"IdSucursal":0,"IdMedioPago":-1,"IdUsuarioAlta":0,"FechaAlta":"0001-01-01T00:00:00","FechaModificacion":"0001-01-01T00:00:00","IdUsuarioModificacion":0,"RegistroEstado":0,"Id":0,"MedioPago":{"Id":-1,"IdMedioPagoTipo":null,"Nombre":"Contra Entrega","MedioPagoTipo":null,"SucursalMediosPago":[],"Logo":"http://pehuajo.clickaut.com/Content/public/images/mediosdepago/contra_entrega.png"},"Sucursales":null},{"IdSucursal":0,"IdMedioPago":-1,"IdUsuarioAlta":0,"FechaAlta":"0001-01-01T00:00:00","FechaModificacion":"0001-01-01T00:00:00","IdUsuarioModificacion":0,"RegistroEstado":0,"Id":0,"MedioPago":{"Id":-1,"IdMedioPagoTipo":null,"Nombre":"Contra Entrega","MedioPagoTipo":null,"SucursalMediosPago":[],"Logo":"http://pehuajo.clickaut.com/Content/public/images/mediosdepago/contra_entrega.png"},"Sucursales":null}]},"MarcaNombre":null,"TieneVerMas":false,"Iva":0.0,"IdMarca":0},{"Id":5106,"IdSucursal":439,"IdCategoria":0,"Codigo":null,"NombreProducto":"Dulce de leche","NombreSucursal":null,"DescripcionProducto":null,"Imagen":"http://pehuajo.clickaut.com/Content/public/images/sucursalproductos/005106.thumb.png","Precio":0.01,"PrecioOriginal":0.0,"PrecioSinDescuento":0.0,"DescuentoId":null,"Descuento":null,"TipoDescuentoUsaDescuento":false,"TiempoPreparacion":null,"ValorParaCajaDelivery":null,"Stock":0,"Sucursal":{"Id":439,"Direccion":null,"Logo":null,"EmailPedido":null,"NombreFantasia":"Freddo","TelefonoCliente":null,"TelefonoCelular":null,"TipoEntrega":3,"MontoMinimoCompra":0.00,"TieneVerMas":false,"TieneMediosPago":true,"SucursalHorarios":[{"Id":null,"IdSucursal":null,"Dia":4,"HoraApertura":"00:01","HoraCierre":"23:59","HoraInicioBreak":"","HoraFinBreak":"","IdEntregaTipo":1,"IdEntregaTipoNombre":null,"Abierto":true},{"Id":null,"IdSucursal":null,"Dia":4,"HoraApertura":"00:01","HoraCierre":"23:59","HoraInicioBreak":"","HoraFinBreak":"","IdEntregaTipo":1,"IdEntregaTipoNombre":null,"Abierto":true}],"SucursalMediosPago":[{"IdSucursal":0,"IdMedioPago":-1,"IdUsuarioAlta":0,"FechaAlta":"0001-01-01T00:00:00","FechaModificacion":"0001-01-01T00:00:00","IdUsuarioModificacion":0,"RegistroEstado":0,"Id":0,"MedioPago":{"Id":-1,"IdMedioPagoTipo":null,"Nombre":"Contra Entrega","MedioPagoTipo":null,"SucursalMediosPago":[],"Logo":"http://pehuajo.clickaut.com/Content/public/images/mediosdepago/contra_entrega.png"},"Sucursales":null},{"IdSucursal":0,"IdMedioPago":-1,"IdUsuarioAlta":0,"FechaAlta":"0001-01-01T00:00:00","FechaModificacion":"0001-01-01T00:00:00","IdUsuarioModificacion":0,"RegistroEstado":0,"Id":0,"MedioPago":{"Id":-1,"IdMedioPagoTipo":null,"Nombre":"Contra Entrega","MedioPagoTipo":null,"SucursalMediosPago":[],"Logo":"http://pehuajo.clickaut.com/Content/public/images/mediosdepago/contra_entrega.png"},"Sucursales":null},{"IdSucursal":0,"IdMedioPago":-1,"IdUsuarioAlta":0,"FechaAlta":"0001-01-01T00:00:00","FechaModificacion":"0001-01-01T00:00:00","IdUsuarioModificacion":0,"RegistroEstado":0,"Id":0,"MedioPago":{"Id":-1,"IdMedioPagoTipo":null,"Nombre":"Contra Entrega","MedioPagoTipo":null,"SucursalMediosPago":[],"Logo":"http://pehuajo.clickaut.com/Content/public/images/mediosdepago/contra_entrega.png"},"Sucursales":null}]},"MarcaNombre":null,"TieneVerMas":false,"Iva":0.0,"IdMarca":0},{"Id":5105,"IdSucursal":436,"IdCategoria":0,"Codigo":null,"NombreProducto":"Tablas para asado","NombreSucursal":null,"DescripcionProducto":null,"Imagen":"http://pehuajo.clickaut.com/Content/public/images/general/genericDishi.thumb.png","Precio":1200.00,"PrecioOriginal":0.0,"PrecioSinDescuento":0.0,"DescuentoId":null,"Descuento":null,"TipoDescuentoUsaDescuento":false,"TiempoPreparacion":null,"ValorParaCajaDelivery":null,"Stock":0,"Sucursal":{"Id":436,"Direccion":null,"Logo":null,"EmailPedido":null,"NombreFantasia":"Fulanos","TelefonoCliente":null,"TelefonoCelular":null,"TipoEntrega":7,"MontoMinimoCompra":0.00,"TieneVerMas":false,"TieneMediosPago":true,"SucursalHorarios":[{"Id":null,"IdSucursal":null,"Dia":4,"HoraApertura":"00:01","HoraCierre":"23:59","HoraInicioBreak":"","HoraFinBreak":"","IdEntregaTipo":1,"IdEntregaTipoNombre":null,"Abierto":true},{"Id":null,"IdSucursal":null,"Dia":4,"HoraApertura":"00:01","HoraCierre":"23:59","HoraInicioBreak":"","HoraFinBreak":"","IdEntregaTipo":1,"IdEntregaTipoNombre":null,"Abierto":true}],"SucursalMediosPago":[{"IdSucursal":0,"IdMedioPago":100,"IdUsuarioAlta":0,"FechaAlta":"0001-01-01T00:00:00","FechaModificacion":"0001-01-01T00:00:00","IdUsuarioModificacion":0,"RegistroEstado":0,"Id":0,"MedioPago":{"Id":100,"IdMedioPagoTipo":null,"Nombre":"Dishi Pagos","MedioPagoTipo":null,"SucursalMediosPago":[],"Logo":"http://pehuajo.clickaut.com/Content/public/images/mediosdepago/mipago.png"},"Sucursales":null},{"IdSucursal":0,"IdMedioPago":100,"IdUsuarioAlta":0,"FechaAlta":"0001-01-01T00:00:00","FechaModificacion":"0001-01-01T00:00:00","IdUsuarioModificacion":0,"RegistroEstado":0,"Id":0,"MedioPago":{"Id":100,"IdMedioPagoTipo":null,"Nombre":"Dishi Pagos","MedioPagoTipo":null,"SucursalMediosPago":[],"Logo":"http://pehuajo.clickaut.com/Content/public/images/mediosdepago/mipago.png"},"Sucursales":null},{"IdSucursal":0,"IdMedioPago":100,"IdUsuarioAlta":0,"FechaAlta":"0001-01-01T00:00:00","FechaModificacion":"0001-01-01T00:00:00","IdUsuarioModificacion":0,"RegistroEstado":0,"Id":0,"MedioPago":{"Id":100,"IdMedioPagoTipo":null,"Nombre":"Dishi Pagos","MedioPagoTipo":null,"SucursalMediosPago":[],"Logo":"http://pehuajo.clickaut.com/Content/public/images/mediosdepago/mipago.png"},"Sucursales":null}]},"MarcaNombre":null,"TieneVerMas":false,"Iva":0.0,"IdMarca":0}],"Index":null,"Count":5,"PagesCount":null,"PageCount":null,"TotalCount":null},"Descuentos":{"Items":[],"Index":null,"Count":0,"PagesCount":null,"PageCount":null,"TotalCount":null},"Promociones":{"Items":[{"Promocion":{"Id":36,"Codigo":null,"Nombre":"2x1","Hash":"tN0bd0rsOi7Ghe5NmBWpiNvpSKceqOd6iPuBGbDUhcc=","Descripcion":"1 Remera Flame Peruvian Cotton + Remera Animal Donatello","Descuento":null,"Precio":1980.00,"FechaDesde":"2020-10-15T00:00:00","FechaHasta":"2020-11-30T00:00:00","IdSexo":null,"Imagen":"http://pehuajo.clickaut.com/Content/public/images/promociones/000036.png","FechaAlta":null,"FechaModificacion":null,"IdUsuarioAlta":null,"IdUsuarioModificacion":null,"RegistroEstado":null,"IdSucursal":444,"Categorias":[],"TiempoPreparacion":null,"ValorParaCajaDelivery":null,"Sucursal":{"Id":444,"Direccion":null,"Logo":null,"EmailPedido":null,"NombreFantasia":"Alma","TelefonoCliente":null,"TelefonoCelular":null,"TipoEntrega":7,"MontoMinimoCompra":0.00,"TieneVerMas":false,"TieneMediosPago":true,"SucursalHorarios":[{"Id":null,"IdSucursal":null,"Dia":4,"HoraApertura":"00:01","HoraCierre":"23:59","HoraInicioBreak":"","HoraFinBreak":"","IdEntregaTipo":1,"IdEntregaTipoNombre":null,"Abierto":true},{"Id":null,"IdSucursal":null,"Dia":4,"HoraApertura":"00:01","HoraCierre":"23:59","HoraInicioBreak":"","HoraFinBreak":"","IdEntregaTipo":1,"IdEntregaTipoNombre":null,"Abierto":true}],"SucursalMediosPago":[{"IdSucursal":0,"IdMedioPago":-1,"IdUsuarioAlta":0,"FechaAlta":"0001-01-01T00:00:00","FechaModificacion":"0001-01-01T00:00:00","IdUsuarioModificacion":0,"RegistroEstado":0,"Id":0,"MedioPago":{"Id":-1,"IdMedioPagoTipo":null,"Nombre":"Contra Entrega","MedioPagoTipo":null,"SucursalMediosPago":[],"Logo":"http://pehuajo.clickaut.com/Content/public/images/mediosdepago/contra_entrega.png"},"Sucursales":null},{"IdSucursal":0,"IdMedioPago":-1,"IdUsuarioAlta":0,"FechaAlta":"0001-01-01T00:00:00","FechaModificacion":"0001-01-01T00:00:00","IdUsuarioModificacion":0,"RegistroEstado":0,"Id":0,"MedioPago":{"Id":-1,"IdMedioPagoTipo":null,"Nombre":"Contra Entrega","MedioPagoTipo":null,"SucursalMediosPago":[],"Logo":"http://pehuajo.clickaut.com/Content/public/images/mediosdepago/contra_entrega.png"},"Sucursales":null},{"IdSucursal":0,"IdMedioPago":-1,"IdUsuarioAlta":0,"FechaAlta":"0001-01-01T00:00:00","FechaModificacion":"0001-01-01T00:00:00","IdUsuarioModificacion":0,"RegistroEstado":0,"Id":0,"MedioPago":{"Id":-1,"IdMedioPagoTipo":null,"Nombre":"Contra Entrega","MedioPagoTipo":null,"SucursalMediosPago":[],"Logo":"http://pehuajo.clickaut.com/Content/public/images/mediosdepago/contra_entrega.png"},"Sucursales":null}]}},"Productos":[{"PorcentajeIVA":0.0,"FechaAlta":null,"IdUsuarioAlta":null,"FechaModificacion":null,"IdUsuarioModificacion":null,"EAN":null,"RegistroEstado":0,"CantidadPedida":1,"CantidadBonificada":null,"Condicion":null,"DescuentoCategoriaNombre":null,"DescuentoDescripcion":null,"DescuentoCategoriaId":null,"DescuentoImagen":null,"DescuentoProductos":[],"ProductoCategorias":[],"ProductoTagsBusqueda":[],"PromocionProductos":[],"Sucursales":null,"RegistroGenerico":null,"DescuentoFueAsignado":false,"Hash":null,"StockValidado":false,"CategoriasText":null,"CategoriasId":null,"VerMas":null,"StockMinimo":0,"Destacado":false,"Oportunidad":false,"Calificacion":null,"SucursalHorarios":null,"Id":5123,"IdSucursal":444,"IdCategoria":0,"Codigo":null,"NombreProducto":"Remera Flame Peruvian Cotton","NombreSucursal":null,"DescripcionProducto":null,"Imagen":"http://pehuajo.clickaut.com/Content/public/images/sucursalproductos/005123.thumb.png","Precio":0.0,"PrecioOriginal":0.0,"PrecioSinDescuento":0.0,"DescuentoId":null,"Descuento":null,"TipoDescuentoUsaDescuento":false,"TiempoPreparacion":0,"ValorParaCajaDelivery":null,"Stock":10,"Sucursal":{"Id":444,"Direccion":null,"Logo":null,"EmailPedido":null,"NombreFantasia":"Alma","TelefonoCliente":null,"TelefonoCelular":null,"TipoEntrega":7,"MontoMinimoCompra":0.00,"TieneVerMas":false,"TieneMediosPago":true,"SucursalHorarios":[{"Id":null,"IdSucursal":null,"Dia":4,"HoraApertura":"00:01","HoraCierre":"23:59","HoraInicioBreak":"","HoraFinBreak":"","IdEntregaTipo":1,"IdEntregaTipoNombre":null,"Abierto":true},{"Id":null,"IdSucursal":null,"Dia":4,"HoraApertura":"00:01","HoraCierre":"23:59","HoraInicioBreak":"","HoraFinBreak":"","IdEntregaTipo":1,"IdEntregaTipoNombre":null,"Abierto":true}],"SucursalMediosPago":null},"MarcaNombre":null,"TieneVerMas":false,"Iva":0.0,"IdMarca":0},{"PorcentajeIVA":0.0,"FechaAlta":null,"IdUsuarioAlta":null,"FechaModificacion":null,"IdUsuarioModificacion":null,"EAN":null,"RegistroEstado":0,"CantidadPedida":1,"CantidadBonificada":null,"Condicion":null,"DescuentoCategoriaNombre":null,"DescuentoDescripcion":null,"DescuentoCategoriaId":null,"DescuentoImagen":null,"DescuentoProductos":[],"ProductoCategorias":[],"ProductoTagsBusqueda":[],"PromocionProductos":[],"Sucursales":null,"RegistroGenerico":null,"DescuentoFueAsignado":false,"Hash":null,"StockValidado":false,"CategoriasText":null,"CategoriasId":null,"VerMas":null,"StockMinimo":0,"Destacado":false,"Oportunidad":false,"Calificacion":null,"SucursalHorarios":null,"Id":5124,"IdSucursal":444,"IdCategoria":0,"Codigo":null,"NombreProducto":"Remera Animal Donatello","NombreSucursal":null,"DescripcionProducto":null,"Imagen":"http://pehuajo.clickaut.com/Content/public/images/sucursalproductos/005124.thumb.png","Precio":0.0,"PrecioOriginal":0.0,"PrecioSinDescuento":0.0,"DescuentoId":null,"Descuento":null,"TipoDescuentoUsaDescuento":false,"TiempoPreparacion":0,"ValorParaCajaDelivery":null,"Stock":10,"Sucursal":{"Id":444,"Direccion":null,"Logo":null,"EmailPedido":null,"NombreFantasia":"Alma","TelefonoCliente":null,"TelefonoCelular":null,"TipoEntrega":7,"MontoMinimoCompra":0.00,"TieneVerMas":false,"TieneMediosPago":true,"SucursalHorarios":[{"Id":null,"IdSucursal":null,"Dia":4,"HoraApertura":"00:01","HoraCierre":"23:59","HoraInicioBreak":"","HoraFinBreak":"","IdEntregaTipo":1,"IdEntregaTipoNombre":null,"Abierto":true},{"Id":null,"IdSucursal":null,"Dia":4,"HoraApertura":"00:01","HoraCierre":"23:59","HoraInicioBreak":"","HoraFinBreak":"","IdEntregaTipo":1,"IdEntregaTipoNombre":null,"Abierto":true}],"SucursalMediosPago":null},"MarcaNombre":null,"TieneVerMas":false,"Iva":0.0,"IdMarca":0}]},{"Promocion":{"Id":35,"Codigo":null,"Nombre":"Combo Power","Hash":"5dtZihHJ/U6gwlKnn9vMUDM9Ua9X2sJczMwnoGSjUWQ=","Descripcion":"1 Hamburguesa Power + 1 Hamburguesa Simple","Descuento":null,"Precio":300.00,"FechaDesde":"2020-10-15T00:00:00","FechaHasta":"2020-11-30T00:00:00","IdSexo":null,"Imagen":"http://pehuajo.clickaut.com/Content/public/images/promociones/000035.png","FechaAlta":null,"FechaModificacion":null,"IdUsuarioAlta":null,"IdUsuarioModificacion":null,"RegistroEstado":null,"IdSucursal":440,"Categorias":[],"TiempoPreparacion":null,"ValorParaCajaDelivery":null,"Sucursal":{"Id":440,"Direccion":null,"Logo":null,"EmailPedido":null,"NombreFantasia":"Burguer Power","TelefonoCliente":null,"TelefonoCelular":null,"TipoEntrega":3,"MontoMinimoCompra":0.00,"TieneVerMas":false,"TieneMediosPago":true,"SucursalHorarios":[{"Id":null,"IdSucursal":null,"Dia":4,"HoraApertura":"00:01","HoraCierre":"23:59","HoraInicioBreak":"","HoraFinBreak":"","IdEntregaTipo":1,"IdEntregaTipoNombre":null,"Abierto":true},{"Id":null,"IdSucursal":null,"Dia":4,"HoraApertura":"00:01","HoraCierre":"23:59","HoraInicioBreak":"","HoraFinBreak":"","IdEntregaTipo":1,"IdEntregaTipoNombre":null,"Abierto":true}],"SucursalMediosPago":[{"IdSucursal":0,"IdMedioPago":-1,"IdUsuarioAlta":0,"FechaAlta":"0001-01-01T00:00:00","FechaModificacion":"0001-01-01T00:00:00","IdUsuarioModificacion":0,"RegistroEstado":0,"Id":0,"MedioPago":{"Id":-1,"IdMedioPagoTipo":null,"Nombre":"Contra Entrega","MedioPagoTipo":null,"SucursalMediosPago":[],"Logo":"http://pehuajo.clickaut.com/Content/public/images/mediosdepago/contra_entrega.png"},"Sucursales":null},{"IdSucursal":0,"IdMedioPago":-1,"IdUsuarioAlta":0,"FechaAlta":"0001-01-01T00:00:00","FechaModificacion":"0001-01-01T00:00:00","IdUsuarioModificacion":0,"RegistroEstado":0,"Id":0,"MedioPago":{"Id":-1,"IdMedioPagoTipo":null,"Nombre":"Contra Entrega","MedioPagoTipo":null,"SucursalMediosPago":[],"Logo":"http://pehuajo.clickaut.com/Content/public/images/mediosdepago/contra_entrega.png"},"Sucursales":null},{"IdSucursal":0,"IdMedioPago":-1,"IdUsuarioAlta":0,"FechaAlta":"0001-01-01T00:00:00","FechaModificacion":"0001-01-01T00:00:00","IdUsuarioModificacion":0,"RegistroEstado":0,"Id":0,"MedioPago":{"Id":-1,"IdMedioPagoTipo":null,"Nombre":"Contra Entrega","MedioPagoTipo":null,"SucursalMediosPago":[],"Logo":"http://pehuajo.clickaut.com/Content/public/images/mediosdepago/contra_entrega.png"},"Sucursales":null}]}},"Productos":[{"PorcentajeIVA":0.0,"FechaAlta":null,"IdUsuarioAlta":null,"FechaModificacion":null,"IdUsuarioModificacion":null,"EAN":null,"RegistroEstado":0,"CantidadPedida":1,"CantidadBonificada":null,"Condicion":null,"DescuentoCategoriaNombre":null,"DescuentoDescripcion":null,"DescuentoCategoriaId":null,"DescuentoImagen":null,"DescuentoProductos":[],"ProductoCategorias":[],"ProductoTagsBusqueda":[],"PromocionProductos":[],"Sucursales":null,"RegistroGenerico":null,"DescuentoFueAsignado":false,"Hash":null,"StockValidado":false,"CategoriasText":null,"CategoriasId":null,"VerMas":null,"StockMinimo":0,"Destacado":false,"Oportunidad":false,"Calificacion":null,"SucursalHorarios":null,"Id":5114,"IdSucursal":440,"IdCategoria":0,"Codigo":null,"NombreProducto":"Hamburguesa Power","NombreSucursal":null,"DescripcionProducto":null,"Imagen":"http://pehuajo.clickaut.com/Content/public/images/sucursalproductos/005114.thumb.png","Precio":0.0,"PrecioOriginal":0.0,"PrecioSinDescuento":0.0,"DescuentoId":null,"Descuento":null,"TipoDescuentoUsaDescuento":false,"TiempoPreparacion":0,"ValorParaCajaDelivery":null,"Stock":20,"Sucursal":{"Id":440,"Direccion":null,"Logo":null,"EmailPedido":null,"NombreFantasia":"Burguer Power","TelefonoCliente":null,"TelefonoCelular":null,"TipoEntrega":3,"MontoMinimoCompra":0.00,"TieneVerMas":false,"TieneMediosPago":true,"SucursalHorarios":[{"Id":null,"IdSucursal":null,"Dia":4,"HoraApertura":"00:01","HoraCierre":"23:59","HoraInicioBreak":"","HoraFinBreak":"","IdEntregaTipo":1,"IdEntregaTipoNombre":null,"Abierto":true},{"Id":null,"IdSucursal":null,"Dia":4,"HoraApertura":"00:01","HoraCierre":"23:59","HoraInicioBreak":"","HoraFinBreak":"","IdEntregaTipo":1,"IdEntregaTipoNombre":null,"Abierto":true}],"SucursalMediosPago":null},"MarcaNombre":null,"TieneVerMas":false,"Iva":0.0,"IdMarca":0},{"PorcentajeIVA":0.0,"FechaAlta":null,"IdUsuarioAlta":null,"FechaModificacion":null,"IdUsuarioModificacion":null,"EAN":null,"RegistroEstado":0,"CantidadPedida":1,"CantidadBonificada":null,"Condicion":null,"DescuentoCategoriaNombre":null,"DescuentoDescripcion":null,"DescuentoCategoriaId":null,"DescuentoImagen":null,"DescuentoProductos":[],"ProductoCategorias":[],"ProductoTagsBusqueda":[],"PromocionProductos":[],"Sucursales":null,"RegistroGenerico":null,"DescuentoFueAsignado":false,"Hash":null,"StockValidado":false,"CategoriasText":null,"CategoriasId":null,"VerMas":null,"StockMinimo":0,"Destacado":false,"Oportunidad":false,"Calificacion":null,"SucursalHorarios":null,"Id":5115,"IdSucursal":440,"IdCategoria":0,"Codigo":null,"NombreProducto":"Hamburguesa Simple","NombreSucursal":null,"DescripcionProducto":null,"Imagen":"http://pehuajo.clickaut.com/Content/public/images/sucursalproductos/005115.thumb.png","Precio":0.0,"PrecioOriginal":0.0,"PrecioSinDescuento":0.0,"DescuentoId":null,"Descuento":null,"TipoDescuentoUsaDescuento":false,"TiempoPreparacion":0,"ValorParaCajaDelivery":null,"Stock":18,"Sucursal":{"Id":440,"Direccion":null,"Logo":null,"EmailPedido":null,"NombreFantasia":"Burguer Power","TelefonoCliente":null,"TelefonoCelular":null,"TipoEntrega":3,"MontoMinimoCompra":0.00,"TieneVerMas":false,"TieneMediosPago":true,"SucursalHorarios":[{"Id":null,"IdSucursal":null,"Dia":4,"HoraApertura":"00:01","HoraCierre":"23:59","HoraInicioBreak":"","HoraFinBreak":"","IdEntregaTipo":1,"IdEntregaTipoNombre":null,"Abierto":true},{"Id":null,"IdSucursal":null,"Dia":4,"HoraApertura":"00:01","HoraCierre":"23:59","HoraInicioBreak":"","HoraFinBreak":"","IdEntregaTipo":1,"IdEntregaTipoNombre":null,"Abierto":true}],"SucursalMediosPago":null},"MarcaNombre":null,"TieneVerMas":false,"Iva":0.0,"IdMarca":0}]},{"Promocion":{"Id":34,"Codigo":null,"Nombre":"Promo Especial Mamá","Hash":"36S2ejx5kYxe9j7/WEF5ljgrT21j1kaf9udLXI6r84g=","Descripcion":"Comprando 1 kg te llevas 1/4 Gratis","Descuento":null,"Precio":100.00,"FechaDesde":"2020-10-15T00:00:00","FechaHasta":"2020-11-30T00:00:00","IdSexo":null,"Imagen":"http://pehuajo.clickaut.com/Content/public/images/promociones/000034.png","FechaAlta":null,"FechaModificacion":null,"IdUsuarioAlta":null,"IdUsuarioModificacion":null,"RegistroEstado":null,"IdSucursal":439,"Categorias":[],"TiempoPreparacion":null,"ValorParaCajaDelivery":0.00,"Sucursal":{"Id":439,"Direccion":null,"Logo":null,"EmailPedido":null,"NombreFantasia":"Freddo","TelefonoCliente":null,"TelefonoCelular":null,"TipoEntrega":3,"MontoMinimoCompra":0.00,"TieneVerMas":false,"TieneMediosPago":true,"SucursalHorarios":[{"Id":null,"IdSucursal":null,"Dia":4,"HoraApertura":"00:01","HoraCierre":"23:59","HoraInicioBreak":"","HoraFinBreak":"","IdEntregaTipo":1,"IdEntregaTipoNombre":null,"Abierto":true},{"Id":null,"IdSucursal":null,"Dia":4,"HoraApertura":"00:01","HoraCierre":"23:59","HoraInicioBreak":"","HoraFinBreak":"","IdEntregaTipo":1,"IdEntregaTipoNombre":null,"Abierto":true}],"SucursalMediosPago":[{"IdSucursal":0,"IdMedioPago":-1,"IdUsuarioAlta":0,"FechaAlta":"0001-01-01T00:00:00","FechaModificacion":"0001-01-01T00:00:00","IdUsuarioModificacion":0,"RegistroEstado":0,"Id":0,"MedioPago":{"Id":-1,"IdMedioPagoTipo":null,"Nombre":"Contra Entrega","MedioPagoTipo":null,"SucursalMediosPago":[],"Logo":"http://pehuajo.clickaut.com/Content/public/images/mediosdepago/contra_entrega.png"},"Sucursales":null},{"IdSucursal":0,"IdMedioPago":-1,"IdUsuarioAlta":0,"FechaAlta":"0001-01-01T00:00:00","FechaModificacion":"0001-01-01T00:00:00","IdUsuarioModificacion":0,"RegistroEstado":0,"Id":0,"MedioPago":{"Id":-1,"IdMedioPagoTipo":null,"Nombre":"Contra Entrega","MedioPagoTipo":null,"SucursalMediosPago":[],"Logo":"http://pehuajo.clickaut.com/Content/public/images/mediosdepago/contra_entrega.png"},"Sucursales":null},{"IdSucursal":0,"IdMedioPago":-1,"IdUsuarioAlta":0,"FechaAlta":"0001-01-01T00:00:00","FechaModificacion":"0001-01-01T00:00:00","IdUsuarioModificacion":0,"RegistroEstado":0,"Id":0,"MedioPago":{"Id":-1,"IdMedioPagoTipo":null,"Nombre":"Contra Entrega","MedioPagoTipo":null,"SucursalMediosPago":[],"Logo":"http://pehuajo.clickaut.com/Content/public/images/mediosdepago/contra_entrega.png"},"Sucursales":null}]}},"Productos":[{"PorcentajeIVA":0.0,"FechaAlta":null,"IdUsuarioAlta":null,"FechaModificacion":null,"IdUsuarioModificacion":null,"EAN":null,"RegistroEstado":0,"CantidadPedida":20,"CantidadBonificada":null,"Condicion":null,"DescuentoCategoriaNombre":null,"DescuentoDescripcion":null,"DescuentoCategoriaId":null,"DescuentoImagen":null,"DescuentoProductos":[],"ProductoCategorias":[],"ProductoTagsBusqueda":[],"PromocionProductos":[],"Sucursales":null,"RegistroGenerico":null,"DescuentoFueAsignado":false,"Hash":null,"StockValidado":false,"CategoriasText":null,"CategoriasId":null,"VerMas":null,"StockMinimo":0,"Destacado":false,"Oportunidad":false,"Calificacion":null,"SucursalHorarios":null,"Id":5109,"IdSucursal":439,"IdCategoria":0,"Codigo":null,"NombreProducto":"Crema Americana","NombreSucursal":null,"DescripcionProducto":null,"Imagen":"http://pehuajo.clickaut.com/Content/public/images/sucursalproductos/005109.thumb.png","Precio":0.0,"PrecioOriginal":0.0,"PrecioSinDescuento":0.0,"DescuentoId":null,"Descuento":null,"TipoDescuentoUsaDescuento":false,"TiempoPreparacion":0,"ValorParaCajaDelivery":0.00,"Stock":20,"Sucursal":{"Id":439,"Direccion":null,"Logo":null,"EmailPedido":null,"NombreFantasia":"Freddo","TelefonoCliente":null,"TelefonoCelular":null,"TipoEntrega":3,"MontoMinimoCompra":0.00,"TieneVerMas":false,"TieneMediosPago":true,"SucursalHorarios":[{"Id":null,"IdSucursal":null,"Dia":4,"HoraApertura":"00:01","HoraCierre":"23:59","HoraInicioBreak":"","HoraFinBreak":"","IdEntregaTipo":1,"IdEntregaTipoNombre":null,"Abierto":true},{"Id":null,"IdSucursal":null,"Dia":4,"HoraApertura":"00:01","HoraCierre":"23:59","HoraInicioBreak":"","HoraFinBreak":"","IdEntregaTipo":1,"IdEntregaTipoNombre":null,"Abierto":true}],"SucursalMediosPago":null},"MarcaNombre":null,"TieneVerMas":false,"Iva":0.0,"IdMarca":0},{"PorcentajeIVA":0.0,"FechaAlta":null,"IdUsuarioAlta":null,"FechaModificacion":null,"IdUsuarioModificacion":null,"EAN":null,"RegistroEstado":0,"CantidadPedida":20,"CantidadBonificada":null,"Condicion":null,"DescuentoCategoriaNombre":null,"DescuentoDescripcion":null,"DescuentoCategoriaId":null,"DescuentoImagen":null,"DescuentoProductos":[],"ProductoCategorias":[],"ProductoTagsBusqueda":[],"PromocionProductos":[],"Sucursales":null,"RegistroGenerico":null,"DescuentoFueAsignado":false,"Hash":null,"StockValidado":false,"CategoriasText":null,"CategoriasId":null,"VerMas":null,"StockMinimo":0,"Destacado":false,"Oportunidad":false,"Calificacion":null,"SucursalHorarios":null,"Id":5108,"IdSucursal":439,"IdCategoria":0,"Codigo":null,"NombreProducto":"Chocolate","NombreSucursal":null,"DescripcionProducto":null,"Imagen":"http://pehuajo.clickaut.com/Content/public/images/sucursalproductos/005108.thumb.png","Precio":0.0,"PrecioOriginal":0.0,"PrecioSinDescuento":0.0,"DescuentoId":null,"Descuento":null,"TipoDescuentoUsaDescuento":false,"TiempoPreparacion":0,"ValorParaCajaDelivery":0.00,"Stock":20,"Sucursal":{"Id":439,"Direccion":null,"Logo":null,"EmailPedido":null,"NombreFantasia":"Freddo","TelefonoCliente":null,"TelefonoCelular":null,"TipoEntrega":3,"MontoMinimoCompra":0.00,"TieneVerMas":false,"TieneMediosPago":true,"SucursalHorarios":[{"Id":null,"IdSucursal":null,"Dia":4,"HoraApertura":"00:01","HoraCierre":"23:59","HoraInicioBreak":"","HoraFinBreak":"","IdEntregaTipo":1,"IdEntregaTipoNombre":null,"Abierto":true},{"Id":null,"IdSucursal":null,"Dia":4,"HoraApertura":"00:01","HoraCierre":"23:59","HoraInicioBreak":"","HoraFinBreak":"","IdEntregaTipo":1,"IdEntregaTipoNombre":null,"Abierto":true}],"SucursalMediosPago":null},"MarcaNombre":null,"TieneVerMas":false,"Iva":0.0,"IdMarca":0},{"PorcentajeIVA":0.0,"FechaAlta":null,"IdUsuarioAlta":null,"FechaModificacion":null,"IdUsuarioModificacion":null,"EAN":null,"RegistroEstado":0,"CantidadPedida":20,"CantidadBonificada":null,"Condicion":null,"DescuentoCategoriaNombre":null,"DescuentoDescripcion":null,"DescuentoCategoriaId":null,"DescuentoImagen":null,"DescuentoProductos":[],"ProductoCategorias":[],"ProductoTagsBusqueda":[],"PromocionProductos":[],"Sucursales":null,"RegistroGenerico":null,"DescuentoFueAsignado":false,"Hash":null,"StockValidado":false,"CategoriasText":null,"CategoriasId":null,"VerMas":null,"StockMinimo":0,"Destacado":false,"Oportunidad":false,"Calificacion":null,"SucursalHorarios":null,"Id":5106,"IdSucursal":439,"IdCategoria":0,"Codigo":null,"NombreProducto":"Dulce de leche","NombreSucursal":null,"DescripcionProducto":null,"Imagen":"http://pehuajo.clickaut.com/Content/public/images/sucursalproductos/005106.thumb.png","Precio":0.0,"PrecioOriginal":0.0,"PrecioSinDescuento":0.0,"DescuentoId":null,"Descuento":null,"TipoDescuentoUsaDescuento":false,"TiempoPreparacion":0,"ValorParaCajaDelivery":0.00,"Stock":20,"Sucursal":{"Id":439,"Direccion":null,"Logo":null,"EmailPedido":null,"NombreFantasia":"Freddo","TelefonoCliente":null,"TelefonoCelular":null,"TipoEntrega":3,"MontoMinimoCompra":0.00,"TieneVerMas":false,"TieneMediosPago":true,"SucursalHorarios":[{"Id":null,"IdSucursal":null,"Dia":4,"HoraApertura":"00:01","HoraCierre":"23:59","HoraInicioBreak":"","HoraFinBreak":"","IdEntregaTipo":1,"IdEntregaTipoNombre":null,"Abierto":true},{"Id":null,"IdSucursal":null,"Dia":4,"HoraApertura":"00:01","HoraCierre":"23:59","HoraInicioBreak":"","HoraFinBreak":"","IdEntregaTipo":1,"IdEntregaTipoNombre":null,"Abierto":true}],"SucursalMediosPago":null},"MarcaNombre":null,"TieneVerMas":false,"Iva":0.0,"IdMarca":0},{"PorcentajeIVA":0.0,"FechaAlta":null,"IdUsuarioAlta":null,"FechaModificacion":null,"IdUsuarioModificacion":null,"EAN":null,"RegistroEstado":0,"CantidadPedida":20,"CantidadBonificada":null,"Condicion":null,"DescuentoCategoriaNombre":null,"DescuentoDescripcion":null,"DescuentoCategoriaId":null,"DescuentoImagen":null,"DescuentoProductos":[],"ProductoCategorias":[],"ProductoTagsBusqueda":[],"PromocionProductos":[],"Sucursales":null,"RegistroGenerico":null,"DescuentoFueAsignado":false,"Hash":null,"StockValidado":false,"CategoriasText":null,"CategoriasId":null,"VerMas":null,"StockMinimo":0,"Destacado":false,"Oportunidad":false,"Calificacion":null,"SucursalHorarios":null,"Id":5107,"IdSucursal":439,"IdCategoria":0,"Codigo":null,"NombreProducto":"Frutilla","NombreSucursal":null,"DescripcionProducto":null,"Imagen":"http://pehuajo.clickaut.com/Content/public/images/sucursalproductos/005107.thumb.png","Precio":0.0,"PrecioOriginal":0.0,"PrecioSinDescuento":0.0,"DescuentoId":null,"Descuento":null,"TipoDescuentoUsaDescuento":false,"TiempoPreparacion":0,"ValorParaCajaDelivery":0.00,"Stock":18,"Sucursal":{"Id":439,"Direccion":null,"Logo":null,"EmailPedido":null,"NombreFantasia":"Freddo","TelefonoCliente":null,"TelefonoCelular":null,"TipoEntrega":3,"MontoMinimoCompra":0.00,"TieneVerMas":false,"TieneMediosPago":true,"SucursalHorarios":[{"Id":null,"IdSucursal":null,"Dia":4,"HoraApertura":"00:01","HoraCierre":"23:59","HoraInicioBreak":"","HoraFinBreak":"","IdEntregaTipo":1,"IdEntregaTipoNombre":null,"Abierto":true},{"Id":null,"IdSucursal":null,"Dia":4,"HoraApertura":"00:01","HoraCierre":"23:59","HoraInicioBreak":"","HoraFinBreak":"","IdEntregaTipo":1,"IdEntregaTipoNombre":null,"Abierto":true}],"SucursalMediosPago":null},"MarcaNombre":null,"TieneVerMas":false,"Iva":0.0,"IdMarca":0}]},{"Promocion":{"Id":31,"Codigo":null,"Nombre":"combo test","Hash":"VQqTWfTISKZFvfepTuHLgeXGSICuAF31JPFosgAfQ/s=","Descripcion":"este es un combo para test, no válido para compras","Descuento":null,"Precio":5.00,"FechaDesde":"2020-06-01T00:00:00","FechaHasta":"2021-05-30T00:00:00","IdSexo":null,"Imagen":"http://pehuajo.clickaut.com/Content/public/images/promociones/000031.png","FechaAlta":null,"FechaModificacion":null,"IdUsuarioAlta":null,"IdUsuarioModificacion":null,"RegistroEstado":null,"IdSucursal":386,"Categorias":[],"TiempoPreparacion":null,"ValorParaCajaDelivery":null,"Sucursal":{"Id":386,"Direccion":null,"Logo":null,"EmailPedido":null,"NombreFantasia":"ztest","TelefonoCliente":null,"TelefonoCelular":null,"TipoEntrega":7,"MontoMinimoCompra":0.00,"TieneVerMas":false,"TieneMediosPago":true,"SucursalHorarios":[{"Id":null,"IdSucursal":null,"Dia":4,"HoraApertura":"00:01","HoraCierre":"23:59","HoraInicioBreak":"","HoraFinBreak":"","IdEntregaTipo":1,"IdEntregaTipoNombre":null,"Abierto":true},{"Id":null,"IdSucursal":null,"Dia":4,"HoraApertura":"00:01","HoraCierre":"23:59","HoraInicioBreak":"","HoraFinBreak":"","IdEntregaTipo":1,"IdEntregaTipoNombre":null,"Abierto":true}],"SucursalMediosPago":[{"IdSucursal":0,"IdMedioPago":-1,"IdUsuarioAlta":0,"FechaAlta":"0001-01-01T00:00:00","FechaModificacion":"0001-01-01T00:00:00","IdUsuarioModificacion":0,"RegistroEstado":0,"Id":0,"MedioPago":{"Id":-1,"IdMedioPagoTipo":null,"Nombre":"Contra Entrega","MedioPagoTipo":null,"SucursalMediosPago":[],"Logo":"http://pehuajo.clickaut.com/Content/public/images/mediosdepago/contra_entrega.png"},"Sucursales":null},{"IdSucursal":0,"IdMedioPago":-1,"IdUsuarioAlta":0,"FechaAlta":"0001-01-01T00:00:00","FechaModificacion":"0001-01-01T00:00:00","IdUsuarioModificacion":0,"RegistroEstado":0,"Id":0,"MedioPago":{"Id":-1,"IdMedioPagoTipo":null,"Nombre":"Contra Entrega","MedioPagoTipo":null,"SucursalMediosPago":[],"Logo":"http://pehuajo.clickaut.com/Content/public/images/mediosdepago/contra_entrega.png"},"Sucursales":null}]}},"Productos":[{"PorcentajeIVA":0.0,"FechaAlta":null,"IdUsuarioAlta":null,"FechaModificacion":null,"IdUsuarioModificacion":null,"EAN":null,"RegistroEstado":0,"CantidadPedida":2,"CantidadBonificada":null,"Condicion":null,"DescuentoCategoriaNombre":null,"DescuentoDescripcion":null,"DescuentoCategoriaId":null,"DescuentoImagen":null,"DescuentoProductos":[],"ProductoCategorias":[],"ProductoTagsBusqueda":[],"PromocionProductos":[],"Sucursales":null,"RegistroGenerico":null,"DescuentoFueAsignado":false,"Hash":null,"StockValidado":false,"CategoriasText":null,"CategoriasId":null,"VerMas":null,"StockMinimo":0,"Destacado":false,"Oportunidad":false,"Calificacion":null,"SucursalHorarios":null,"Id":2402,"IdSucursal":386,"IdCategoria":0,"Codigo":null,"NombreProducto":"producto test","NombreSucursal":null,"DescripcionProducto":null,"Imagen":"http://pehuajo.clickaut.com/Content/public/images/general/genericDishi.thumb.png","Precio":0.0,"PrecioOriginal":0.0,"PrecioSinDescuento":0.0,"DescuentoId":null,"Descuento":null,"TipoDescuentoUsaDescuento":false,"TiempoPreparacion":0,"ValorParaCajaDelivery":null,"Stock":100000,"Sucursal":{"Id":386,"Direccion":null,"Logo":null,"EmailPedido":null,"NombreFantasia":"ztest","TelefonoCliente":null,"TelefonoCelular":null,"TipoEntrega":7,"MontoMinimoCompra":0.00,"TieneVerMas":false,"TieneMediosPago":true,"SucursalHorarios":[{"Id":null,"IdSucursal":null,"Dia":4,"HoraApertura":"00:01","HoraCierre":"23:59","HoraInicioBreak":"","HoraFinBreak":"","IdEntregaTipo":1,"IdEntregaTipoNombre":null,"Abierto":true},{"Id":null,"IdSucursal":null,"Dia":4,"HoraApertura":"00:01","HoraCierre":"23:59","HoraInicioBreak":"","HoraFinBreak":"","IdEntregaTipo":1,"IdEntregaTipoNombre":null,"Abierto":true}],"SucursalMediosPago":null},"MarcaNombre":null,"TieneVerMas":false,"Iva":0.0,"IdMarca":0}]}],"Index":null,"Count":4,"PagesCount":null,"PageCount":null,"TotalCount":null},"Tiendas":{"Items":[{"Id":172,"NombreFantasia":"Pintureria Pehuajo","Logo":"http://pehuajo.clickaut.com/Content/public/images/sucursales/000172.thumb.png","Direccion":null,"Rubro":"Adultos","Latitud":"-35.815698","Longitud":"-61.894011","TipoEntrega":1,"TieneVerMas":false,"SucursalMediosPago":[{"IdSucursal":0,"IdMedioPago":-1,"IdUsuarioAlta":0,"FechaAlta":"0001-01-01T00:00:00","FechaModificacion":"0001-01-01T00:00:00","IdUsuarioModificacion":0,"RegistroEstado":0,"Id":0,"MedioPago":{"Id":-1,"IdMedioPagoTipo":null,"Nombre":"Contra Entrega","MedioPagoTipo":null,"SucursalMediosPago":[],"Logo":"http://pehuajo.clickaut.com/Content/public/images/mediosdepago/contra_entrega.png"},"Sucursales":null}],"TieneMediosPago":true,"SucursalHorarios":[{"Id":null,"IdSucursal":null,"Dia":4,"HoraApertura":"00:01","HoraCierre":"23:59","HoraInicioBreak":"","HoraFinBreak":"","IdEntregaTipo":1,"IdEntregaTipoNombre":null,"Abierto":true},{"Id":null,"IdSucursal":null,"Dia":4,"HoraApertura":"00:01","HoraCierre":"23:59","HoraInicioBreak":"","HoraFinBreak":"","IdEntregaTipo":1,"IdEntregaTipoNombre":null,"Abierto":true}]},{"Id":181,"NombreFantasia":"Vivero Centro","Logo":"http://pehuajo.clickaut.com/Content/public/images/sucursales/000181.thumb.png","Direccion":null,"Rubro":"Adultos","Latitud":"-35.815698","Longitud":"-61.894011","TipoEntrega":1,"TieneVerMas":false,"SucursalMediosPago":[{"IdSucursal":0,"IdMedioPago":-1,"IdUsuarioAlta":0,"FechaAlta":"0001-01-01T00:00:00","FechaModificacion":"0001-01-01T00:00:00","IdUsuarioModificacion":0,"RegistroEstado":0,"Id":0,"MedioPago":{"Id":-1,"IdMedioPagoTipo":null,"Nombre":"Contra Entrega","MedioPagoTipo":null,"SucursalMediosPago":[],"Logo":"http://pehuajo.clickaut.com/Content/public/images/mediosdepago/contra_entrega.png"},"Sucursales":null}],"TieneMediosPago":true,"SucursalHorarios":[{"Id":null,"IdSucursal":null,"Dia":4,"HoraApertura":"00:01","HoraCierre":"23:59","HoraInicioBreak":"","HoraFinBreak":"","IdEntregaTipo":1,"IdEntregaTipoNombre":null,"Abierto":true},{"Id":null,"IdSucursal":null,"Dia":4,"HoraApertura":"00:01","HoraCierre":"23:59","HoraInicioBreak":"","HoraFinBreak":"","IdEntregaTipo":1,"IdEntregaTipoNombre":null,"Abierto":true}]},{"Id":186,"NombreFantasia":"Eclipse lenceria","Logo":"http://pehuajo.clickaut.com/Content/public/images/sucursales/000186.thumb.png","Direccion":null,"Rubro":"Adultos","Latitud":"-35.815698","Longitud":"-61.894011","TipoEntrega":1,"TieneVerMas":false,"SucursalMediosPago":[{"IdSucursal":0,"IdMedioPago":-1,"IdUsuarioAlta":0,"FechaAlta":"0001-01-01T00:00:00","FechaModificacion":"0001-01-01T00:00:00","IdUsuarioModificacion":0,"RegistroEstado":0,"Id":0,"MedioPago":{"Id":-1,"IdMedioPagoTipo":null,"Nombre":"Contra Entrega","MedioPagoTipo":null,"SucursalMediosPago":[],"Logo":"http://pehuajo.clickaut.com/Content/public/images/mediosdepago/contra_entrega.png"},"Sucursales":null}],"TieneMediosPago":true,"SucursalHorarios":[{"Id":null,"IdSucursal":null,"Dia":4,"HoraApertura":"00:01","HoraCierre":"23:59","HoraInicioBreak":"","HoraFinBreak":"","IdEntregaTipo":1,"IdEntregaTipoNombre":null,"Abierto":true},{"Id":null,"IdSucursal":null,"Dia":4,"HoraApertura":"00:01","HoraCierre":"23:59","HoraInicioBreak":"","HoraFinBreak":"","IdEntregaTipo":1,"IdEntregaTipoNombre":null,"Abierto":true}]},{"Id":200,"NombreFantasia":"El Vestidor","Logo":"http://pehuajo.clickaut.com/Content/public/images/sucursales/000200.thumb.png","Direccion":null,"Rubro":"Adultos","Latitud":"-35.815698","Longitud":"-61.894011","TipoEntrega":1,"TieneVerMas":false,"SucursalMediosPago":[{"IdSucursal":0,"IdMedioPago":-1,"IdUsuarioAlta":0,"FechaAlta":"0001-01-01T00:00:00","FechaModificacion":"0001-01-01T00:00:00","IdUsuarioModificacion":0,"RegistroEstado":0,"Id":0,"MedioPago":{"Id":-1,"IdMedioPagoTipo":null,"Nombre":"Contra Entrega","MedioPagoTipo":null,"SucursalMediosPago":[],"Logo":"http://pehuajo.clickaut.com/Content/public/images/mediosdepago/contra_entrega.png"},"Sucursales":null}],"TieneMediosPago":true,"SucursalHorarios":[{"Id":null,"IdSucursal":null,"Dia":4,"HoraApertura":"00:01","HoraCierre":"23:59","HoraInicioBreak":"","HoraFinBreak":"","IdEntregaTipo":1,"IdEntregaTipoNombre":null,"Abierto":true},{"Id":null,"IdSucursal":null,"Dia":4,"HoraApertura":"00:01","HoraCierre":"23:59","HoraInicioBreak":"","HoraFinBreak":"","IdEntregaTipo":1,"IdEntregaTipoNombre":null,"Abierto":true}]},{"Id":201,"NombreFantasia":"Grappa ","Logo":"http://pehuajo.clickaut.com/Content/public/images/sucursales/000201.thumb.png","Direccion":null,"Rubro":"Adultos","Latitud":"-35.815698","Longitud":"-61.894011","TipoEntrega":1,"TieneVerMas":false,"SucursalMediosPago":[{"IdSucursal":0,"IdMedioPago":-1,"IdUsuarioAlta":0,"FechaAlta":"0001-01-01T00:00:00","FechaModificacion":"0001-01-01T00:00:00","IdUsuarioModificacion":0,"RegistroEstado":0,"Id":0,"MedioPago":{"Id":-1,"IdMedioPagoTipo":null,"Nombre":"Contra Entrega","MedioPagoTipo":null,"SucursalMediosPago":[],"Logo":"http://pehuajo.clickaut.com/Content/public/images/mediosdepago/contra_entrega.png"},"Sucursales":null}],"TieneMediosPago":true,"SucursalHorarios":[{"Id":null,"IdSucursal":null,"Dia":4,"HoraApertura":"00:01","HoraCierre":"23:59","HoraInicioBreak":"","HoraFinBreak":"","IdEntregaTipo":1,"IdEntregaTipoNombre":null,"Abierto":true},{"Id":null,"IdSucursal":null,"Dia":4,"HoraApertura":"00:01","HoraCierre":"23:59","HoraInicioBreak":"","HoraFinBreak":"","IdEntregaTipo":1,"IdEntregaTipoNombre":null,"Abierto":true}]},{"Id":202,"NombreFantasia":"Skoop's babies & junior","Logo":"http://pehuajo.clickaut.com/Content/public/images/sucursales/000202.thumb.png","Direccion":null,"Rubro":"Adultos","Latitud":"-35.815698","Longitud":"-61.894011","TipoEntrega":1,"TieneVerMas":false,"SucursalMediosPago":[{"IdSucursal":0,"IdMedioPago":-1,"IdUsuarioAlta":0,"FechaAlta":"0001-01-01T00:00:00","FechaModificacion":"0001-01-01T00:00:00","IdUsuarioModificacion":0,"RegistroEstado":0,"Id":0,"MedioPago":{"Id":-1,"IdMedioPagoTipo":null,"Nombre":"Contra Entrega","MedioPagoTipo":null,"SucursalMediosPago":[],"Logo":"http://pehuajo.clickaut.com/Content/public/images/mediosdepago/contra_entrega.png"},"Sucursales":null}],"TieneMediosPago":true,"SucursalHorarios":[{"Id":null,"IdSucursal":null,"Dia":4,"HoraApertura":"00:01","HoraCierre":"23:59","HoraInicioBreak":"","HoraFinBreak":"","IdEntregaTipo":1,"IdEntregaTipoNombre":null,"Abierto":true},{"Id":null,"IdSucursal":null,"Dia":4,"HoraApertura":"00:01","HoraCierre":"23:59","HoraInicioBreak":"","HoraFinBreak":"","IdEntregaTipo":1,"IdEntregaTipoNombre":null,"Abierto":true}]},{"Id":196,"NombreFantasia":"Maria Valerina ","Logo":"http://pehuajo.clickaut.com/Content/public/images/sucursales/000196.thumb.png","Direccion":null,"Rubro":"Adultos","Latitud":"-35.815698","Longitud":"-61.894011","TipoEntrega":7,"TieneVerMas":false,"SucursalMediosPago":[{"IdSucursal":0,"IdMedioPago":-1,"IdUsuarioAlta":0,"FechaAlta":"0001-01-01T00:00:00","FechaModificacion":"0001-01-01T00:00:00","IdUsuarioModificacion":0,"RegistroEstado":0,"Id":0,"MedioPago":{"Id":-1,"IdMedioPagoTipo":null,"Nombre":"Contra Entrega","MedioPagoTipo":null,"SucursalMediosPago":[],"Logo":"http://pehuajo.clickaut.com/Content/public/images/mediosdepago/contra_entrega.png"},"Sucursales":null},{"IdSucursal":0,"IdMedioPago":-1,"IdUsuarioAlta":0,"FechaAlta":"0001-01-01T00:00:00","FechaModificacion":"0001-01-01T00:00:00","IdUsuarioModificacion":0,"RegistroEstado":0,"Id":0,"MedioPago":{"Id":-1,"IdMedioPagoTipo":null,"Nombre":"Contra Entrega","MedioPagoTipo":null,"SucursalMediosPago":[],"Logo":"http://pehuajo.clickaut.com/Content/public/images/mediosdepago/contra_entrega.png"},"Sucursales":null}],"TieneMediosPago":true,"SucursalHorarios":[{"Id":null,"IdSucursal":null,"Dia":4,"HoraApertura":"00:01","HoraCierre":"23:59","HoraInicioBreak":"","HoraFinBreak":"","IdEntregaTipo":1,"IdEntregaTipoNombre":null,"Abierto":true},{"Id":null,"IdSucursal":null,"Dia":4,"HoraApertura":"00:01","HoraCierre":"23:59","HoraInicioBreak":"","HoraFinBreak":"","IdEntregaTipo":1,"IdEntregaTipoNombre":null,"Abierto":true}]},{"Id":198,"NombreFantasia":"J.A Comunicaciones","Logo":"http://pehuajo.clickaut.com/Content/public/images/sucursales/000198.thumb.png","Direccion":null,"Rubro":"Adultos","Latitud":"-35.815698","Longitud":"-61.894011","TipoEntrega":1,"TieneVerMas":false,"SucursalMediosPago":[{"IdSucursal":0,"IdMedioPago":-1,"IdUsuarioAlta":0,"FechaAlta":"0001-01-01T00:00:00","FechaModificacion":"0001-01-01T00:00:00","IdUsuarioModificacion":0,"RegistroEstado":0,"Id":0,"MedioPago":{"Id":-1,"IdMedioPagoTipo":null,"Nombre":"Contra Entrega","MedioPagoTipo":null,"SucursalMediosPago":[],"Logo":"http://pehuajo.clickaut.com/Content/public/images/mediosdepago/contra_entrega.png"},"Sucursales":null}],"TieneMediosPago":true,"SucursalHorarios":[{"Id":null,"IdSucursal":null,"Dia":4,"HoraApertura":"00:01","HoraCierre":"23:59","HoraInicioBreak":"","HoraFinBreak":"","IdEntregaTipo":1,"IdEntregaTipoNombre":null,"Abierto":true},{"Id":null,"IdSucursal":null,"Dia":4,"HoraApertura":"00:01","HoraCierre":"23:59","HoraInicioBreak":"","HoraFinBreak":"","IdEntregaTipo":1,"IdEntregaTipoNombre":null,"Abierto":true}]},{"Id":204,"NombreFantasia":"Inside ","Logo":"http://pehuajo.clickaut.com/Content/public/images/sucursales/000204.thumb.png","Direccion":null,"Rubro":"Adultos","Latitud":"-35.815698","Longitud":"-61.894011","TipoEntrega":1,"TieneVerMas":false,"SucursalMediosPago":[{"IdSucursal":0,"IdMedioPago":-1,"IdUsuarioAlta":0,"FechaAlta":"0001-01-01T00:00:00","FechaModificacion":"0001-01-01T00:00:00","IdUsuarioModificacion":0,"RegistroEstado":0,"Id":0,"MedioPago":{"Id":-1,"IdMedioPagoTipo":null,"Nombre":"Contra Entrega","MedioPagoTipo":null,"SucursalMediosPago":[],"Logo":"http://pehuajo.clickaut.com/Content/public/images/mediosdepago/contra_entrega.png"},"Sucursales":null}],"TieneMediosPago":true,"SucursalHorarios":[{"Id":null,"IdSucursal":null,"Dia":4,"HoraApertura":"00:01","HoraCierre":"23:59","HoraInicioBreak":"","HoraFinBreak":"","IdEntregaTipo":1,"IdEntregaTipoNombre":null,"Abierto":true},{"Id":null,"IdSucursal":null,"Dia":4,"HoraApertura":"00:01","HoraCierre":"23:59","HoraInicioBreak":"","HoraFinBreak":"","IdEntregaTipo":1,"IdEntregaTipoNombre":null,"Abierto":true}]},{"Id":205,"NombreFantasia":"Alcazar pehuajo","Logo":"http://pehuajo.clickaut.com/Content/public/images/general/genericDishi.thumb.png","Direccion":"Alfonsin 288","Rubro":"Adultos","Latitud":"-35.815698","Longitud":"-61.894011","TipoEntrega":1,"TieneVerMas":false,"SucursalMediosPago":[{"IdSucursal":0,"IdMedioPago":-1,"IdUsuarioAlta":0,"FechaAlta":"0001-01-01T00:00:00","FechaModificacion":"0001-01-01T00:00:00","IdUsuarioModificacion":0,"RegistroEstado":0,"Id":0,"MedioPago":{"Id":-1,"IdMedioPagoTipo":null,"Nombre":"Contra Entrega","MedioPagoTipo":null,"SucursalMediosPago":[],"Logo":"http://pehuajo.clickaut.com/Content/public/images/mediosdepago/contra_entrega.png"},"Sucursales":null}],"TieneMediosPago":true,"SucursalHorarios":[{"Id":null,"IdSucursal":null,"Dia":4,"HoraApertura":"00:01","HoraCierre":"23:59","HoraInicioBreak":"","HoraFinBreak":"","IdEntregaTipo":1,"IdEntregaTipoNombre":null,"Abierto":true},{"Id":null,"IdSucursal":null,"Dia":4,"HoraApertura":"00:01","HoraCierre":"23:59","HoraInicioBreak":"","HoraFinBreak":"","IdEntregaTipo":1,"IdEntregaTipoNombre":null,"Abierto":true}]},{"Id":207,"NombreFantasia":"Pilar A","Logo":"http://pehuajo.clickaut.com/Content/public/images/general/genericDishi.thumb.png","Direccion":"Alem 666","Rubro":"Adultos","Latitud":"-35.815698","Longitud":"-61.894011","TipoEntrega":1,"TieneVerMas":false,"SucursalMediosPago":[{"IdSucursal":0,"IdMedioPago":-1,"IdUsuarioAlta":0,"FechaAlta":"0001-01-01T00:00:00","FechaModificacion":"0001-01-01T00:00:00","IdUsuarioModificacion":0,"RegistroEstado":0,"Id":0,"MedioPago":{"Id":-1,"IdMedioPagoTipo":null,"Nombre":"Contra Entrega","MedioPagoTipo":null,"SucursalMediosPago":[],"Logo":"http://pehuajo.clickaut.com/Content/public/images/mediosdepago/contra_entrega.png"},"Sucursales":null}],"TieneMediosPago":true,"SucursalHorarios":[{"Id":null,"IdSucursal":null,"Dia":4,"HoraApertura":"00:01","HoraCierre":"23:59","HoraInicioBreak":"","HoraFinBreak":"","IdEntregaTipo":1,"IdEntregaTipoNombre":null,"Abierto":true},{"Id":null,"IdSucursal":null,"Dia":4,"HoraApertura":"00:01","HoraCierre":"23:59","HoraInicioBreak":"","HoraFinBreak":"","IdEntregaTipo":1,"IdEntregaTipoNombre":null,"Abierto":true}]},{"Id":214,"NombreFantasia":"Bella Donna","Logo":"http://pehuajo.clickaut.com/Content/public/images/sucursales/000214.thumb.png","Direccion":null,"Rubro":"Adultos","Latitud":"-35.815698","Longitud":"-61.894011","TipoEntrega":1,"TieneVerMas":false,"SucursalMediosPago":[{"IdSucursal":0,"IdMedioPago":-1,"IdUsuarioAlta":0,"FechaAlta":"0001-01-01T00:00:00","FechaModificacion":"0001-01-01T00:00:00","IdUsuarioModificacion":0,"RegistroEstado":0,"Id":0,"MedioPago":{"Id":-1,"IdMedioPagoTipo":null,"Nombre":"Contra Entrega","MedioPagoTipo":null,"SucursalMediosPago":[],"Logo":"http://pehuajo.clickaut.com/Content/public/images/mediosdepago/contra_entrega.png"},"Sucursales":null}],"TieneMediosPago":true,"SucursalHorarios":[{"Id":null,"IdSucursal":null,"Dia":4,"HoraApertura":"00:01","HoraCierre":"23:59","HoraInicioBreak":"","HoraFinBreak":"","IdEntregaTipo":1,"IdEntregaTipoNombre":null,"Abierto":true},{"Id":null,"IdSucursal":null,"Dia":4,"HoraApertura":"00:01","HoraCierre":"23:59","HoraInicioBreak":"","HoraFinBreak":"","IdEntregaTipo":1,"IdEntregaTipoNombre":null,"Abierto":true}]},{"Id":224,"NombreFantasia":"Orson","Logo":"http://pehuajo.clickaut.com/Content/public/images/general/genericDishi.thumb.png","Direccion":"Alsina 317","Rubro":"Adultos","Latitud":"-35.815698","Longitud":"-61.894011","TipoEntrega":1,"TieneVerMas":false,"SucursalMediosPago":[{"IdSucursal":0,"IdMedioPago":-1,"IdUsuarioAlta":0,"FechaAlta":"0001-01-01T00:00:00","FechaModificacion":"0001-01-01T00:00:00","IdUsuarioModificacion":0,"RegistroEstado":0,"Id":0,"MedioPago":{"Id":-1,"IdMedioPagoTipo":null,"Nombre":"Contra Entrega","MedioPagoTipo":null,"SucursalMediosPago":[],"Logo":"http://pehuajo.clickaut.com/Content/public/images/mediosdepago/contra_entrega.png"},"Sucursales":null}],"TieneMediosPago":true,"SucursalHorarios":[{"Id":null,"IdSucursal":null,"Dia":4,"HoraApertura":"00:01","HoraCierre":"23:59","HoraInicioBreak":"","HoraFinBreak":"","IdEntregaTipo":1,"IdEntregaTipoNombre":null,"Abierto":true},{"Id":null,"IdSucursal":null,"Dia":4,"HoraApertura":"00:01","HoraCierre":"23:59","HoraInicioBreak":"","HoraFinBreak":"","IdEntregaTipo":1,"IdEntregaTipoNombre":null,"Abierto":true}]},{"Id":238,"NombreFantasia":"Veterinaria como perro y gato","Logo":"http://pehuajo.clickaut.com/Content/public/images/general/genericDishi.thumb.png","Direccion":"Jose Hernandez 342","Rubro":"Adultos","Latitud":"-35.815698","Longitud":"-61.894011","TipoEntrega":1,"TieneVerMas":false,"SucursalMediosPago":[{"IdSucursal":0,"IdMedioPago":-1,"IdUsuarioAlta":0,"FechaAlta":"0001-01-01T00:00:00","FechaModificacion":"0001-01-01T00:00:00","IdUsuarioModificacion":0,"RegistroEstado":0,"Id":0,"MedioPago":{"Id":-1,"IdMedioPagoTipo":null,"Nombre":"Contra Entrega","MedioPagoTipo":null,"SucursalMediosPago":[],"Logo":"http://pehuajo.clickaut.com/Content/public/images/mediosdepago/contra_entrega.png"},"Sucursales":null}],"TieneMediosPago":true,"SucursalHorarios":[{"Id":null,"IdSucursal":null,"Dia":4,"HoraApertura":"00:01","HoraCierre":"23:59","HoraInicioBreak":"","HoraFinBreak":"","IdEntregaTipo":1,"IdEntregaTipoNombre":null,"Abierto":true},{"Id":null,"IdSucursal":null,"Dia":4,"HoraApertura":"00:01","HoraCierre":"23:59","HoraInicioBreak":"","HoraFinBreak":"","IdEntregaTipo":1,"IdEntregaTipoNombre":null,"Abierto":true}]},{"Id":245,"NombreFantasia":"La esquina del pino","Logo":"http://pehuajo.clickaut.com/Content/public/images/sucursales/000245.thumb.png","Direccion":null,"Rubro":"Adultos","Latitud":"-35.815698","Longitud":"-61.894011","TipoEntrega":1,"TieneVerMas":false,"SucursalMediosPago":[{"IdSucursal":0,"IdMedioPago":-1,"IdUsuarioAlta":0,"FechaAlta":"0001-01-01T00:00:00","FechaModificacion":"0001-01-01T00:00:00","IdUsuarioModificacion":0,"RegistroEstado":0,"Id":0,"MedioPago":{"Id":-1,"IdMedioPagoTipo":null,"Nombre":"Contra Entrega","MedioPagoTipo":null,"SucursalMediosPago":[],"Logo":"http://pehuajo.clickaut.com/Content/public/images/mediosdepago/contra_entrega.png"},"Sucursales":null}],"TieneMediosPago":true,"SucursalHorarios":[{"Id":null,"IdSucursal":null,"Dia":4,"HoraApertura":"00:01","HoraCierre":"23:59","HoraInicioBreak":"","HoraFinBreak":"","IdEntregaTipo":1,"IdEntregaTipoNombre":null,"Abierto":true},{"Id":null,"IdSucursal":null,"Dia":4,"HoraApertura":"00:01","HoraCierre":"23:59","HoraInicioBreak":"","HoraFinBreak":"","IdEntregaTipo":1,"IdEntregaTipoNombre":null,"Abierto":true}]},{"Id":257,"NombreFantasia":"Jpc telefonia celular","Logo":"http://pehuajo.clickaut.com/Content/public/images/sucursales/000257.thumb.png","Direccion":null,"Rubro":"Adultos","Latitud":"-35.815698","Longitud":"-61.894011","TipoEntrega":1,"TieneVerMas":false,"SucursalMediosPago":[{"IdSucursal":0,"IdMedioPago":-1,"IdUsuarioAlta":0,"FechaAlta":"0001-01-01T00:00:00","FechaModificacion":"0001-01-01T00:00:00","IdUsuarioModificacion":0,"RegistroEstado":0,"Id":0,"MedioPago":{"Id":-1,"IdMedioPagoTipo":null,"Nombre":"Contra Entrega","MedioPagoTipo":null,"SucursalMediosPago":[],"Logo":"http://pehuajo.clickaut.com/Content/public/images/mediosdepago/contra_entrega.png"},"Sucursales":null}],"TieneMediosPago":true,"SucursalHorarios":[{"Id":null,"IdSucursal":null,"Dia":4,"HoraApertura":"00:01","HoraCierre":"23:59","HoraInicioBreak":"","HoraFinBreak":"","IdEntregaTipo":1,"IdEntregaTipoNombre":null,"Abierto":true},{"Id":null,"IdSucursal":null,"Dia":4,"HoraApertura":"00:01","HoraCierre":"23:59","HoraInicioBreak":"","HoraFinBreak":"","IdEntregaTipo":1,"IdEntregaTipoNombre":null,"Abierto":true}]},{"Id":258,"NombreFantasia":"Buscapolo","Logo":"http://pehuajo.clickaut.com/Content/public/images/general/genericDishi.thumb.png","Direccion":null,"Rubro":"Adultos","Latitud":"-35.815698","Longitud":"-61.894011","TipoEntrega":1,"TieneVerMas":false,"SucursalMediosPago":[{"IdSucursal":0,"IdMedioPago":-1,"IdUsuarioAlta":0,"FechaAlta":"0001-01-01T00:00:00","FechaModificacion":"0001-01-01T00:00:00","IdUsuarioModificacion":0,"RegistroEstado":0,"Id":0,"MedioPago":{"Id":-1,"IdMedioPagoTipo":null,"Nombre":"Contra Entrega","MedioPagoTipo":null,"SucursalMediosPago":[],"Logo":"http://pehuajo.clickaut.com/Content/public/images/mediosdepago/contra_entrega.png"},"Sucursales":null}],"TieneMediosPago":true,"SucursalHorarios":[{"Id":null,"IdSucursal":null,"Dia":4,"HoraApertura":"00:01","HoraCierre":"23:59","HoraInicioBreak":"","HoraFinBreak":"","IdEntregaTipo":1,"IdEntregaTipoNombre":null,"Abierto":true},{"Id":null,"IdSucursal":null,"Dia":4,"HoraApertura":"00:01","HoraCierre":"23:59","HoraInicioBreak":"","HoraFinBreak":"","IdEntregaTipo":1,"IdEntregaTipoNombre":null,"Abierto":true}]},{"Id":279,"NombreFantasia":"Lolis Indumentaria Deportiva","Logo":"http://pehuajo.clickaut.com/Content/public/images/general/genericDishi.thumb.png","Direccion":"Alfonsin 191 ","Rubro":"Adultos","Latitud":"-35.815698","Longitud":"-61.894011","TipoEntrega":1,"TieneVerMas":false,"SucursalMediosPago":[{"IdSucursal":0,"IdMedioPago":-1,"IdUsuarioAlta":0,"FechaAlta":"0001-01-01T00:00:00","FechaModificacion":"0001-01-01T00:00:00","IdUsuarioModificacion":0,"RegistroEstado":0,"Id":0,"MedioPago":{"Id":-1,"IdMedioPagoTipo":null,"Nombre":"Contra Entrega","MedioPagoTipo":null,"SucursalMediosPago":[],"Logo":"http://pehuajo.clickaut.com/Content/public/images/mediosdepago/contra_entrega.png"},"Sucursales":null}],"TieneMediosPago":true,"SucursalHorarios":[{"Id":null,"IdSucursal":null,"Dia":4,"HoraApertura":"00:01","HoraCierre":"23:59","HoraInicioBreak":"","HoraFinBreak":"","IdEntregaTipo":1,"IdEntregaTipoNombre":null,"Abierto":true},{"Id":null,"IdSucursal":null,"Dia":4,"HoraApertura":"00:01","HoraCierre":"23:59","HoraInicioBreak":"","HoraFinBreak":"","IdEntregaTipo":1,"IdEntregaTipoNombre":null,"Abierto":true}]},{"Id":283,"NombreFantasia":"Omega","Logo":"http://pehuajo.clickaut.com/Content/public/images/general/genericDishi.thumb.png","Direccion":"Alem 775","Rubro":"Adultos","Latitud":"-35.815698","Longitud":"-61.894011","TipoEntrega":1,"TieneVerMas":false,"SucursalMediosPago":[{"IdSucursal":0,"IdMedioPago":-1,"IdUsuarioAlta":0,"FechaAlta":"0001-01-01T00:00:00","FechaModificacion":"0001-01-01T00:00:00","IdUsuarioModificacion":0,"RegistroEstado":0,"Id":0,"MedioPago":{"Id":-1,"IdMedioPagoTipo":null,"Nombre":"Contra Entrega","MedioPagoTipo":null,"SucursalMediosPago":[],"Logo":"http://pehuajo.clickaut.com/Content/public/images/mediosdepago/contra_entrega.png"},"Sucursales":null}],"TieneMediosPago":true,"SucursalHorarios":[{"Id":null,"IdSucursal":null,"Dia":4,"HoraApertura":"00:01","HoraCierre":"23:59","HoraInicioBreak":"","HoraFinBreak":"","IdEntregaTipo":1,"IdEntregaTipoNombre":null,"Abierto":true},{"Id":null,"IdSucursal":null,"Dia":4,"HoraApertura":"00:01","HoraCierre":"23:59","HoraInicioBreak":"","HoraFinBreak":"","IdEntregaTipo":1,"IdEntregaTipoNombre":null,"Abierto":true}]},{"Id":304,"NombreFantasia":"Polirubro El Peli 1","Logo":"http://pehuajo.clickaut.com/Content/public/images/general/genericDishi.thumb.png","Direccion":"Av. San Martin y Marmol","Rubro":"Adultos","Latitud":"-35.815698","Longitud":"-61.894011","TipoEntrega":1,"TieneVerMas":false,"SucursalMediosPago":[{"IdSucursal":0,"IdMedioPago":-1,"IdUsuarioAlta":0,"FechaAlta":"0001-01-01T00:00:00","FechaModificacion":"0001-01-01T00:00:00","IdUsuarioModificacion":0,"RegistroEstado":0,"Id":0,"MedioPago":{"Id":-1,"IdMedioPagoTipo":null,"Nombre":"Contra Entrega","MedioPagoTipo":null,"SucursalMediosPago":[],"Logo":"http://pehuajo.clickaut.com/Content/public/images/mediosdepago/contra_entrega.png"},"Sucursales":null}],"TieneMediosPago":true,"SucursalHorarios":[{"Id":null,"IdSucursal":null,"Dia":4,"HoraApertura":"00:01","HoraCierre":"23:59","HoraInicioBreak":"","HoraFinBreak":"","IdEntregaTipo":1,"IdEntregaTipoNombre":null,"Abierto":true},{"Id":null,"IdSucursal":null,"Dia":4,"HoraApertura":"00:01","HoraCierre":"23:59","HoraInicioBreak":"","HoraFinBreak":"","IdEntregaTipo":1,"IdEntregaTipoNombre":null,"Abierto":true}]}],"Index":null,"Count":20,"PagesCount":null,"PageCount":null,"TotalCount":null},"Categorias":{"Items":[{"Id":83,"Nombre":"Agro","Imagen":"http://pehuajo.clickaut.com/Content/public/images/categorias/DISHI---Iconos-App_Agro.thumb.png"},{"Id":84,"Nombre":"Adultos","Imagen":"http://pehuajo.clickaut.com/Content/public/images/categorias/DISHI---Iconos-App_Adultos.thumb.png"},{"Id":85,"Nombre":"Aire libre","Imagen":"http://pehuajo.clickaut.com/Content/public/images/categorias/DISHI---Iconos-App_Aire-libre.thumb.png"},{"Id":86,"Nombre":"Automotor","Imagen":"http://pehuajo.clickaut.com/Content/public/images/categorias/DISHI---Iconos-App_Automotor.thumb.png"},{"Id":87,"Nombre":"Bazar","Imagen":"http://pehuajo.clickaut.com/Content/public/images/categorias/DISHI---Iconos-App_Bazar.thumb.png"},{"Id":88,"Nombre":"Bebés","Imagen":"http://pehuajo.clickaut.com/Content/public/images/categorias/DISHI---Iconos-App_Bebes.thumb.png"},{"Id":89,"Nombre":"Bebidas","Imagen":"http://pehuajo.clickaut.com/Content/public/images/categorias/DISHI---Iconos-App_Bebidas.thumb.png"},{"Id":90,"Nombre":"Bebidas Alcoholicas","Imagen":"http://pehuajo.clickaut.com/Content/public/images/categorias/DISHI---Iconos-App_Bebidas-Alcoholicas.thumb.png"},{"Id":91,"Nombre":"Calzado","Imagen":"http://pehuajo.clickaut.com/Content/public/images/categorias/DISHI---Iconos-App_Calzado.thumb.png"},{"Id":92,"Nombre":"Capacitacion","Imagen":"http://pehuajo.clickaut.com/Content/public/images/categorias/DISHI---Iconos-App_Capacitacion.thumb.png"}],"Index":null,"Count":10,"PagesCount":null,"PageCount":null,"TotalCount":null},"Oportunidades":{"Items":[{"Id":5090,"IdSucursal":374,"IdCategoria":0,"Codigo":null,"NombreProducto":"CAMISETAS MUSCULOSAS  TERMINCAS","NombreSucursal":"La Boutique de las Medias","DescripcionProducto":null,"Imagen":"http://pehuajo.clickaut.com/Content/public/images/general/genericDishi.thumb.png","Precio":200.00,"PrecioOriginal":0.0,"PrecioSinDescuento":0.0,"DescuentoId":null,"Descuento":null,"TipoDescuentoUsaDescuento":false,"TiempoPreparacion":null,"ValorParaCajaDelivery":null,"Stock":0,"Sucursal":{"Id":374,"Direccion":null,"Logo":null,"EmailPedido":null,"NombreFantasia":"La Boutique de las Medias","TelefonoCliente":null,"TelefonoCelular":null,"TipoEntrega":null,"MontoMinimoCompra":null,"TieneVerMas":false,"TieneMediosPago":true,"SucursalHorarios":[{"Id":null,"IdSucursal":null,"Dia":4,"HoraApertura":"00:01","HoraCierre":"23:59","HoraInicioBreak":"","HoraFinBreak":"","IdEntregaTipo":1,"IdEntregaTipoNombre":null,"Abierto":true},{"Id":null,"IdSucursal":null,"Dia":4,"HoraApertura":"00:01","HoraCierre":"23:59","HoraInicioBreak":"","HoraFinBreak":"","IdEntregaTipo":1,"IdEntregaTipoNombre":null,"Abierto":true}],"SucursalMediosPago":[{"IdSucursal":0,"IdMedioPago":-1,"IdUsuarioAlta":0,"FechaAlta":"0001-01-01T00:00:00","FechaModificacion":"0001-01-01T00:00:00","IdUsuarioModificacion":0,"RegistroEstado":0,"Id":0,"MedioPago":{"Id":-1,"IdMedioPagoTipo":null,"Nombre":"Contra Entrega","MedioPagoTipo":null,"SucursalMediosPago":[],"Logo":"http://pehuajo.clickaut.com/Content/public/images/mediosdepago/contra_entrega.png"},"Sucursales":null}]},"MarcaNombre":"BONJOUR LULU   ","TieneVerMas":false,"Iva":0.0,"IdMarca":0},{"Id":5089,"IdSucursal":374,"IdCategoria":0,"Codigo":null,"NombreProducto":"CAN CAN DAMA GRUESAS ","NombreSucursal":"La Boutique de las Medias","DescripcionProducto":null,"Imagen":"http://pehuajo.clickaut.com/Content/public/images/general/genericDishi.thumb.png","Precio":200.00,"PrecioOriginal":0.0,"PrecioSinDescuento":0.0,"DescuentoId":null,"Descuento":null,"TipoDescuentoUsaDescuento":false,"TiempoPreparacion":null,"ValorParaCajaDelivery":null,"Stock":0,"Sucursal":{"Id":374,"Direccion":null,"Logo":null,"EmailPedido":null,"NombreFantasia":"La Boutique de las Medias","TelefonoCliente":null,"TelefonoCelular":null,"TipoEntrega":null,"MontoMinimoCompra":null,"TieneVerMas":false,"TieneMediosPago":true,"SucursalHorarios":[{"Id":null,"IdSucursal":null,"Dia":4,"HoraApertura":"00:01","HoraCierre":"23:59","HoraInicioBreak":"","HoraFinBreak":"","IdEntregaTipo":1,"IdEntregaTipoNombre":null,"Abierto":true},{"Id":null,"IdSucursal":null,"Dia":4,"HoraApertura":"00:01","HoraCierre":"23:59","HoraInicioBreak":"","HoraFinBreak":"","IdEntregaTipo":1,"IdEntregaTipoNombre":null,"Abierto":true}],"SucursalMediosPago":[{"IdSucursal":0,"IdMedioPago":-1,"IdUsuarioAlta":0,"FechaAlta":"0001-01-01T00:00:00","FechaModificacion":"0001-01-01T00:00:00","IdUsuarioModificacion":0,"RegistroEstado":0,"Id":0,"MedioPago":{"Id":-1,"IdMedioPagoTipo":null,"Nombre":"Contra Entrega","MedioPagoTipo":null,"SucursalMediosPago":[],"Logo":"http://pehuajo.clickaut.com/Content/public/images/mediosdepago/contra_entrega.png"},"Sucursales":null}]},"MarcaNombre":"BONJOUR LULU   ","TieneVerMas":false,"Iva":0.0,"IdMarca":0},{"Id":5105,"IdSucursal":436,"IdCategoria":0,"Codigo":null,"NombreProducto":"Tablas para asado","NombreSucursal":"Fulanos","DescripcionProducto":null,"Imagen":"http://pehuajo.clickaut.com/Content/public/images/general/genericDishi.thumb.png","Precio":1200.00,"PrecioOriginal":0.0,"PrecioSinDescuento":0.0,"DescuentoId":null,"Descuento":null,"TipoDescuentoUsaDescuento":false,"TiempoPreparacion":null,"ValorParaCajaDelivery":null,"Stock":23,"Sucursal":{"Id":436,"Direccion":null,"Logo":null,"EmailPedido":null,"NombreFantasia":"Fulanos","TelefonoCliente":null,"TelefonoCelular":null,"TipoEntrega":null,"MontoMinimoCompra":null,"TieneVerMas":false,"TieneMediosPago":true,"SucursalHorarios":[{"Id":null,"IdSucursal":null,"Dia":4,"HoraApertura":"00:01","HoraCierre":"23:59","HoraInicioBreak":"","HoraFinBreak":"","IdEntregaTipo":1,"IdEntregaTipoNombre":null,"Abierto":true},{"Id":null,"IdSucursal":null,"Dia":4,"HoraApertura":"00:01","HoraCierre":"23:59","HoraInicioBreak":"","HoraFinBreak":"","IdEntregaTipo":1,"IdEntregaTipoNombre":null,"Abierto":true}],"SucursalMediosPago":[{"IdSucursal":0,"IdMedioPago":100,"IdUsuarioAlta":0,"FechaAlta":"0001-01-01T00:00:00","FechaModificacion":"0001-01-01T00:00:00","IdUsuarioModificacion":0,"RegistroEstado":0,"Id":0,"MedioPago":{"Id":100,"IdMedioPagoTipo":null,"Nombre":"Dishi Pagos","MedioPagoTipo":null,"SucursalMediosPago":[],"Logo":"http://pehuajo.clickaut.com/Content/public/images/mediosdepago/mipago.png"},"Sucursales":null},{"IdSucursal":0,"IdMedioPago":100,"IdUsuarioAlta":0,"FechaAlta":"0001-01-01T00:00:00","FechaModificacion":"0001-01-01T00:00:00","IdUsuarioModificacion":0,"RegistroEstado":0,"Id":0,"MedioPago":{"Id":100,"IdMedioPagoTipo":null,"Nombre":"Dishi Pagos","MedioPagoTipo":null,"SucursalMediosPago":[],"Logo":"http://pehuajo.clickaut.com/Content/public/images/mediosdepago/mipago.png"},"Sucursales":null},{"IdSucursal":0,"IdMedioPago":100,"IdUsuarioAlta":0,"FechaAlta":"0001-01-01T00:00:00","FechaModificacion":"0001-01-01T00:00:00","IdUsuarioModificacion":0,"RegistroEstado":0,"Id":0,"MedioPago":{"Id":100,"IdMedioPagoTipo":null,"Nombre":"Dishi Pagos","MedioPagoTipo":null,"SucursalMediosPago":[],"Logo":"http://pehuajo.clickaut.com/Content/public/images/mediosdepago/mipago.png"},"Sucursales":null}]},"MarcaNombre":"","TieneVerMas":false,"Iva":0.0,"IdMarca":0}],"Index":null,"Count":3,"PagesCount":null,"PageCount":null,"TotalCount":null}}